num,round,t1,t2,winner,loser,score,conf
73,Round of 32,South Africa,Canada,Canada,South Africa,0–2,0.527
74,Round of 32,Germany,Paraguay,Germany,Paraguay,3–0,0.495
75,Round of 32,Netherlands,Morocco,Netherlands,Morocco,2–1,0.378
76,Round of 32,Brazil,Japan,Brazil,Japan,2–1,0.452
77,Round of 32,France,Sweden,France,Sweden,4–0,0.764
78,Round of 32,Ivory Coast,Norway,Norway,Ivory Coast,1–2,0.617
79,Round of 32,Mexico,Ecuador,Mexico,Ecuador,2–1,0.436
80,Round of 32,England,DR Congo,England,DR Congo,6–0,0.797
81,Round of 32,USA,Bosnia and Herzegovina,USA,Bosnia and Herzegovina,3–0,0.711
82,Round of 32,Belgium,Senegal,Belgium,Senegal,3–1,0.485
83,Round of 32,Portugal,Croatia,Portugal,Croatia,1–1,0.493
84,Round of 32,Spain,Austria,Spain,Austria,5–1,0.791
85,Round of 32,Switzerland,Algeria,Switzerland,Algeria,2–1,0.628
86,Round of 32,Argentina,Cape Verde,Argentina,Cape Verde,7–0,0.733
87,Round of 32,Colombia,Ghana,Colombia,Ghana,2–0,0.77
88,Round of 32,Australia,Egypt,Australia,Egypt,1–1,0.377
89,Round of 16,Germany,France,France,Germany,1–2,0.433
90,Round of 16,Canada,Netherlands,Netherlands,Canada,1–4,0.675
91,Round of 16,Brazil,Norway,Brazil,Norway,2–1,0.417
92,Round of 16,Mexico,England,England,Mexico,1–4,0.597
93,Round of 16,Portugal,Spain,Spain,Portugal,1–3,0.52
94,Round of 16,USA,Belgium,Belgium,USA,1–3,0.709
95,Round of 16,Argentina,Australia,Argentina,Australia,4–0,0.669
96,Round of 16,Switzerland,Colombia,Colombia,Switzerland,1–1,0.444
97,Quarter-final,France,Netherlands,France,Netherlands,2–2,0.457
98,Quarter-final,Spain,Belgium,Belgium,Spain,3–1,0.425
99,Quarter-final,Brazil,England,England,Brazil,1–3,0.546
100,Quarter-final,Argentina,Colombia,Argentina,Colombia,2–1,0.435
101,Semi-final,France,Belgium,France,Belgium,2–1,0.372
102,Semi-final,England,Argentina,Argentina,England,2–1,0.511
103,Third place,Belgium,England,England,Belgium,1–3,0.603
104,Final,France,Argentina,Argentina,France,1–2,0.512
