,team,championship_prob
1,Argentina,11.61
2,Spain,10.96
3,France,10.6
4,England,7.18
5,Germany,6.76
6,Belgium,5.86
7,Brazil,5.57
8,Colombia,5.0
9,Netherlands,4.22
10,Morocco,3.31
11,Japan,3.11
12,Ecuador,2.75
13,Norway,2.61
14,Portugal,2.59
15,Uruguay,2.33
16,Australia,2.28
17,Croatia,1.74
18,Switzerland,1.46
19,United States,1.19
20,Mexico,1.13
21,Iran,1.0
22,Denmark,0.97
23,South Korea,0.89
24,Senegal,0.88
25,Algeria,0.85
26,Austria,0.54
27,Canada,0.53
28,Scotland,0.46
29,Paraguay,0.46
30,Turkey,0.44
31,Nigeria,0.42
32,Ivory Coast,0.3
