Date,Group,Home,Away,Pick,Score,Conf,Home win,Draw,Away win
2026-06-26,Group G,Egypt,Iran,Iran,1–2,0.549,0.223,0.228,0.549
2026-06-26,Group G,New Zealand,Belgium,Belgium,1–3,0.591,0.157,0.252,0.591
2026-06-26,Group H,Cape Verde,Saudi Arabia,Cape Verde,1–1,0.376,0.376,0.287,0.337
2026-06-26,Group H,Uruguay,Spain,Spain,1–2,0.537,0.156,0.307,0.537
2026-06-26,Group I,Norway,France,France,1–3,0.507,0.222,0.271,0.507
2026-06-26,Group I,Senegal,Iraq,Senegal,2–0,0.679,0.679,0.194,0.127
2026-06-27,Group J,Algeria,Austria,Austria,1–2,0.376,0.341,0.284,0.376
2026-06-27,Group J,Jordan,Argentina,Argentina,0–9,0.728,0.153,0.119,0.728
2026-06-27,Group K,Colombia,Portugal,Colombia,2–1,0.451,0.451,0.249,0.301
2026-06-27,Group K,DR Congo,Uzbekistan,DR Congo,0–0,0.394,0.394,0.25,0.356
2026-06-27,Group L,Panama,England,England,1–3,0.711,0.117,0.172,0.711
2026-06-27,Group L,Croatia,Ghana,Croatia,2–0,0.641,0.641,0.224,0.136
2026-06-28,,South Africa,Canada,Canada,0–3,0.499,0.219,0.282,0.499
2026-06-29,,Netherlands,Morocco,Netherlands,2–2,0.394,0.394,0.309,0.297
2026-06-29,,Brazil,Japan,Brazil,3–1,0.477,0.477,0.32,0.203
