as_of,n_played,team,title_pct
2026-06-11,0,Algeria,0.8
2026-06-11,0,Argentina,12.75
2026-06-11,0,Australia,0.8500000000000001
2026-06-11,0,Austria,0.8500000000000001
2026-06-11,0,Belgium,4.15
2026-06-11,0,Bosnia and Herzegovina,0.0
2026-06-11,0,Brazil,7.35
2026-06-11,0,Canada,0.5499999999999999
2026-06-11,0,Cape Verde,0.0
2026-06-11,0,Colombia,4.6
2026-06-11,0,Croatia,1.7999999999999998
2026-06-11,0,Curacao,0.0
2026-06-11,0,Czechia,0.25
2026-06-11,0,DR Congo,0.2
2026-06-11,0,Ecuador,3.3000000000000003
2026-06-11,0,Egypt,0.2
2026-06-11,0,England,7.049999999999999
2026-06-11,0,France,11.0
2026-06-11,0,Germany,5.55
2026-06-11,0,Ghana,0.0
2026-06-11,0,Haiti,0.05
2026-06-11,0,Iran,0.7000000000000001
2026-06-11,0,Iraq,0.05
2026-06-11,0,Ivory Coast,0.4
2026-06-11,0,Japan,3.25
2026-06-11,0,Jordan,0.0
2026-06-11,0,Mexico,0.8500000000000001
2026-06-11,0,Morocco,3.1
2026-06-11,0,Netherlands,3.0
2026-06-11,0,New Zealand,0.0
2026-06-11,0,Norway,2.5
2026-06-11,0,Panama,0.25
2026-06-11,0,Paraguay,0.95
2026-06-11,0,Portugal,3.15
2026-06-11,0,Qatar,0.0
2026-06-11,0,Saudi Arabia,0.05
2026-06-11,0,Scotland,0.5499999999999999
2026-06-11,0,Senegal,0.7000000000000001
2026-06-11,0,South Africa,0.0
2026-06-11,0,South Korea,0.8999999999999999
2026-06-11,0,Spain,11.700000000000001
2026-06-11,0,Sweden,0.1
2026-06-11,0,Switzerland,1.95
2026-06-11,0,Tunisia,0.1
2026-06-11,0,Turkey,0.75
2026-06-11,0,USA,0.44999999999999996
2026-06-11,0,Uruguay,2.9000000000000004
2026-06-11,0,Uzbekistan,0.35000000000000003
2026-06-17,20,Algeria,0.5499999999999999
2026-06-17,20,Argentina,13.3
2026-06-17,20,Australia,2.1
2026-06-17,20,Austria,0.95
2026-06-17,20,Belgium,3.35
2026-06-17,20,Bosnia and Herzegovina,0.1
2026-06-17,20,Brazil,7.1499999999999995
2026-06-17,20,Canada,0.7000000000000001
2026-06-17,20,Cape Verde,0.0
2026-06-17,20,Colombia,5.1499999999999995
2026-06-17,20,Croatia,2.0
2026-06-17,20,Curacao,0.05
2026-06-17,20,Czechia,0.05
2026-06-17,20,DR Congo,0.15
2026-06-17,20,Ecuador,3.2
2026-06-17,20,Egypt,0.1
2026-06-17,20,England,7.55
2026-06-17,20,France,11.1
2026-06-17,20,Germany,4.0
2026-06-17,20,Ghana,0.05
2026-06-17,20,Haiti,0.05
2026-06-17,20,Iran,0.95
2026-06-17,20,Iraq,0.05
2026-06-17,20,Ivory Coast,0.15
2026-06-17,20,Japan,3.15
2026-06-17,20,Jordan,0.3
2026-06-17,20,Mexico,1.5
2026-06-17,20,Morocco,3.55
2026-06-17,20,Netherlands,4.25
2026-06-17,20,New Zealand,0.0
2026-06-17,20,Norway,3.15
2026-06-17,20,Panama,0.05
2026-06-17,20,Paraguay,0.2
2026-06-17,20,Portugal,2.7
2026-06-17,20,Qatar,0.0
2026-06-17,20,Saudi Arabia,0.05
2026-06-17,20,Scotland,0.35000000000000003
2026-06-17,20,Senegal,0.8999999999999999
2026-06-17,20,South Africa,0.0
2026-06-17,20,South Korea,1.4500000000000002
2026-06-17,20,Spain,10.25
2026-06-17,20,Sweden,0.2
2026-06-17,20,Switzerland,2.0
2026-06-17,20,Tunisia,0.05
2026-06-17,20,Turkey,0.6
2026-06-17,20,USA,0.5499999999999999
2026-06-17,20,Uruguay,1.7500000000000002
2026-06-17,20,Uzbekistan,0.2
2026-06-22,40,Algeria,0.35000000000000003
2026-06-22,40,Argentina,13.15
2026-06-22,40,Australia,1.3
2026-06-22,40,Austria,1.4000000000000001
2026-06-22,40,Belgium,2.0500000000000003
2026-06-22,40,Bosnia and Herzegovina,0.0
2026-06-22,40,Brazil,7.55
2026-06-22,40,Canada,0.8500000000000001
2026-06-22,40,Cape Verde,0.0
2026-06-22,40,Colombia,5.2
2026-06-22,40,Croatia,1.0999999999999999
2026-06-22,40,Curacao,0.0
2026-06-22,40,Czechia,0.2
2026-06-22,40,DR Congo,0.05
2026-06-22,40,Ecuador,1.7000000000000002
2026-06-22,40,Egypt,0.15
2026-06-22,40,England,9.049999999999999
2026-06-22,40,France,9.6
2026-06-22,40,Germany,5.35
2026-06-22,40,Ghana,0.05
2026-06-22,40,Haiti,0.05
2026-06-22,40,Iran,0.8
2026-06-22,40,Iraq,0.1
2026-06-22,40,Ivory Coast,0.3
2026-06-22,40,Japan,3.2
2026-06-22,40,Jordan,0.15
2026-06-22,40,Mexico,1.95
2026-06-22,40,Morocco,3.65
2026-06-22,40,Netherlands,4.5
2026-06-22,40,New Zealand,0.0
2026-06-22,40,Norway,4.65
2026-06-22,40,Panama,0.1
2026-06-22,40,Paraguay,0.65
2026-06-22,40,Portugal,2.0
2026-06-22,40,Qatar,0.0
2026-06-22,40,Saudi Arabia,0.1
2026-06-22,40,Scotland,0.35000000000000003
2026-06-22,40,Senegal,0.75
2026-06-22,40,South Africa,0.05
2026-06-22,40,South Korea,0.8500000000000001
2026-06-22,40,Spain,10.4
2026-06-22,40,Sweden,0.35000000000000003
2026-06-22,40,Switzerland,1.7999999999999998
2026-06-22,40,Tunisia,0.15
2026-06-22,40,Turkey,0.3
2026-06-22,40,USA,2.5
2026-06-22,40,Uruguay,1.0999999999999999
2026-06-22,40,Uzbekistan,0.1
2026-06-27,66,Algeria,0.3
2026-06-27,66,Argentina,17.1
2026-06-27,66,Australia,0.65
2026-06-27,66,Austria,0.8
2026-06-27,66,Belgium,3.95
2026-06-27,66,Bosnia and Herzegovina,0.05
2026-06-27,66,Brazil,8.95
2026-06-27,66,Canada,0.2
2026-06-27,66,Cape Verde,0.0
2026-06-27,66,Colombia,4.5
2026-06-27,66,Croatia,1.05
2026-06-27,66,Curacao,0.0
2026-06-27,66,Czechia,0.1
2026-06-27,66,DR Congo,0.15
2026-06-27,66,Ecuador,3.1
2026-06-27,66,Egypt,0.15
2026-06-27,66,England,7.199999999999999
2026-06-27,66,France,11.55
2026-06-27,66,Germany,3.85
2026-06-27,66,Ghana,0.0
2026-06-27,66,Haiti,0.05
2026-06-27,66,Iran,0.7000000000000001
2026-06-27,66,Iraq,0.05
2026-06-27,66,Ivory Coast,0.25
2026-06-27,66,Japan,3.35
2026-06-27,66,Jordan,0.05
2026-06-27,66,Mexico,2.1
2026-06-27,66,Morocco,3.2
2026-06-27,66,Netherlands,5.2
2026-06-27,66,New Zealand,0.0
2026-06-27,66,Norway,2.7
2026-06-27,66,Panama,0.1
2026-06-27,66,Paraguay,0.5
2026-06-27,66,Portugal,2.0500000000000003
2026-06-27,66,Qatar,0.05
2026-06-27,66,Saudi Arabia,0.0
2026-06-27,66,Scotland,0.25
2026-06-27,66,Senegal,0.8999999999999999
2026-06-27,66,South Africa,0.05
2026-06-27,66,South Korea,0.5
2026-06-27,66,Spain,9.049999999999999
2026-06-27,66,Sweden,0.15
2026-06-27,66,Switzerland,2.25
2026-06-27,66,Tunisia,0.1
2026-06-27,66,Turkey,0.44999999999999996
2026-06-27,66,USA,0.8
2026-06-27,66,Uruguay,1.35
2026-06-27,66,Uzbekistan,0.15
2026-07-03,85,Algeria,0.3
2026-07-03,85,Argentina,12.75
2026-07-03,85,Australia,0.8
2026-07-03,85,Austria,0.3
2026-07-03,85,Belgium,2.9000000000000004
2026-07-03,85,Bosnia and Herzegovina,0.0
2026-07-03,85,Brazil,7.049999999999999
2026-07-03,85,Canada,0.2
2026-07-03,85,Cape Verde,0.1
2026-07-03,85,Colombia,4.8500000000000005
2026-07-03,85,Croatia,1.25
2026-07-03,85,Curacao,0.0
2026-07-03,85,Czechia,0.05
2026-07-03,85,DR Congo,0.1
2026-07-03,85,Ecuador,1.25
2026-07-03,85,Egypt,0.25
2026-07-03,85,England,7.75
2026-07-03,85,France,18.7
2026-07-03,85,Germany,2.55
2026-07-03,85,Ghana,0.1
2026-07-03,85,Haiti,0.0
2026-07-03,85,Iran,0.5
2026-07-03,85,Iraq,0.0
2026-07-03,85,Ivory Coast,0.25
2026-07-03,85,Japan,2.45
2026-07-03,85,Jordan,0.0
2026-07-03,85,Mexico,3.15
2026-07-03,85,Morocco,2.4
2026-07-03,85,Netherlands,4.3999999999999995
2026-07-03,85,New Zealand,0.05
2026-07-03,85,Norway,2.35
2026-07-03,85,Panama,0.0
2026-07-03,85,Paraguay,0.8
2026-07-03,85,Portugal,2.55
2026-07-03,85,Qatar,0.0
2026-07-03,85,Saudi Arabia,0.05
2026-07-03,85,Scotland,0.05
2026-07-03,85,Senegal,0.35000000000000003
2026-07-03,85,South Africa,0.0
2026-07-03,85,South Korea,0.65
2026-07-03,85,Spain,13.05
2026-07-03,85,Sweden,0.15
2026-07-03,85,Switzerland,2.9000000000000004
2026-07-03,85,Tunisia,0.0
2026-07-03,85,Turkey,0.65
2026-07-03,85,USA,1.0
2026-07-03,85,Uruguay,1.0
2026-07-03,85,Uzbekistan,0.0
2026-07-10,97,Algeria,0.15
2026-07-10,97,Argentina,12.3
2026-07-10,97,Australia,0.5499999999999999
2026-07-10,97,Austria,0.15
2026-07-10,97,Belgium,4.95
2026-07-10,97,Bosnia and Herzegovina,0.0
2026-07-10,97,Brazil,5.45
2026-07-10,97,Canada,0.35000000000000003
2026-07-10,97,Cape Verde,0.0
2026-07-10,97,Colombia,3.5999999999999996
2026-07-10,97,Croatia,1.0999999999999999
2026-07-10,97,Curacao,0.0
2026-07-10,97,Czechia,0.0
2026-07-10,97,DR Congo,0.25
2026-07-10,97,Ecuador,1.05
2026-07-10,97,Egypt,0.2
2026-07-10,97,England,9.8
2026-07-10,97,France,17.349999999999998
2026-07-10,97,Germany,2.9000000000000004
2026-07-10,97,Ghana,0.05
2026-07-10,97,Haiti,0.0
2026-07-10,97,Iran,0.5499999999999999
2026-07-10,97,Iraq,0.0
2026-07-10,97,Ivory Coast,0.25
2026-07-10,97,Japan,2.65
2026-07-10,97,Jordan,0.0
2026-07-10,97,Mexico,2.5
2026-07-10,97,Morocco,3.05
2026-07-10,97,Netherlands,5.2
2026-07-10,97,New Zealand,0.05
2026-07-10,97,Norway,2.9000000000000004
2026-07-10,97,Panama,0.05
2026-07-10,97,Paraguay,0.25
2026-07-10,97,Portugal,2.0
2026-07-10,97,Qatar,0.0
2026-07-10,97,Saudi Arabia,0.0
2026-07-10,97,Scotland,0.3
2026-07-10,97,Senegal,0.7000000000000001
2026-07-10,97,South Africa,0.05
2026-07-10,97,South Korea,0.75
2026-07-10,97,Spain,13.850000000000001
2026-07-10,97,Sweden,0.3
2026-07-10,97,Switzerland,2.9000000000000004
2026-07-10,97,Tunisia,0.05
2026-07-10,97,Turkey,0.15
2026-07-10,97,USA,0.3
2026-07-10,97,Uruguay,0.95
2026-07-10,97,Uzbekistan,0.05
2026-07-19,103,Algeria,0.3
2026-07-19,103,Argentina,10.9
2026-07-19,103,Australia,0.5499999999999999
2026-07-19,103,Austria,0.25
2026-07-19,103,Belgium,4.9
2026-07-19,103,Bosnia and Herzegovina,0.0
2026-07-19,103,Brazil,6.4
2026-07-19,103,Canada,0.15
2026-07-19,103,Cape Verde,0.05
2026-07-19,103,Colombia,4.3
2026-07-19,103,Croatia,1.0999999999999999
2026-07-19,103,Curacao,0.0
2026-07-19,103,Czechia,0.1
2026-07-19,103,DR Congo,0.1
2026-07-19,103,Ecuador,1.6
2026-07-19,103,Egypt,0.3
2026-07-19,103,England,13.65
2026-07-19,103,France,7.35
2026-07-19,103,Germany,3.35
2026-07-19,103,Ghana,0.05
2026-07-19,103,Haiti,0.0
2026-07-19,103,Iran,0.2
2026-07-19,103,Iraq,0.0
2026-07-19,103,Ivory Coast,0.1
2026-07-19,103,Japan,2.8000000000000003
2026-07-19,103,Jordan,0.05
2026-07-19,103,Mexico,2.65
2026-07-19,103,Morocco,3.8
2026-07-19,103,Netherlands,6.4
2026-07-19,103,New Zealand,0.05
2026-07-19,103,Norway,3.1
2026-07-19,103,Panama,0.15
2026-07-19,103,Paraguay,0.5499999999999999
2026-07-19,103,Portugal,2.35
2026-07-19,103,Qatar,0.0
2026-07-19,103,Saudi Arabia,0.1
2026-07-19,103,Scotland,0.3
2026-07-19,103,Senegal,0.75
2026-07-19,103,South Africa,0.1
2026-07-19,103,South Korea,0.6
2026-07-19,103,Spain,15.35
2026-07-19,103,Sweden,0.2
2026-07-19,103,Switzerland,2.9499999999999997
2026-07-19,103,Tunisia,0.05
2026-07-19,103,Turkey,0.5
2026-07-19,103,USA,0.65
2026-07-19,103,Uruguay,0.8
2026-07-19,103,Uzbekistan,0.05
